[
  {
    "id": "1fde6a0d-78fa-4ff4-a75b-e7c3a865fa14",
    "name": "Hiking",
    "description": "",
    "createdDate": "2023-02-26T08:55:04.873Z",
    "updatedDate": "2023-02-26T08:55:04.873Z"
  },
  {
    "id": "bd61f90d-2de7-40df-a5cc-1fb696bfc14a",
    "name": "Camping",
    "description": "",
    "createdDate": "2023-02-28T07:47:10.791Z",
    "updatedDate": "2023-02-28T07:47:10.791Z"
  },
  {
    "id": "ed70629f-044f-40ad-9ef1-c871d0df82ab",
    "name": "Biking",
    "description": "",
    "createdDate": "2023-02-28T07:47:37.380Z",
    "updatedDate": "2023-02-28T07:47:37.380Z"
  },
  {
    "id": "fcf3775f-fa29-4f32-896c-3a28e84ec487",
    "name": "Trekking",
    "description": "",
    "createdDate": "2023-02-28T07:47:52.125Z",
    "updatedDate": "2023-02-28T07:47:52.125Z"
  },
  {
    "id": "c0b72d95-85d6-4b90-b103-54aca3ee9156",
    "name": "Paragliding",
    "description": "",
    "createdDate": "2023-02-28T07:48:02.045Z",
    "updatedDate": "2023-02-28T07:48:02.045Z"
  },
  {
    "id": "f51c73a9-396f-4e78-9553-5469ba811069",
    "name": "Ballooning",
    "description": "",
    "createdDate": "2023-02-28T07:48:14.720Z",
    "updatedDate": "2023-02-28T07:48:14.720Z"
  },
  {
    "id": "29702ad7-9f73-493f-8121-fc3a49cf24ab",
    "name": "Leisure",
    "description": "",
    "createdDate": "2023-02-28T07:48:27.122Z",
    "updatedDate": "2023-02-28T07:48:27.122Z"
  },
  {
    "id": "bb33714e-2b07-44e3-bd0f-f5ac4a216a26",
    "name": "Beach Parties",
    "description": "",
    "createdDate": "2023-02-28T07:49:07.108Z",
    "updatedDate": "2023-02-28T07:49:07.108Z"
  }
]