[
  {
    "id": "03a41f78-5ba2-45d3-9587-4e58ce2324fe",
    "name": "Iyassu Mengestu",
    "communityUsername": "Yeha Hiking",
    "image": "https://res.cloudinary.com/dr7dtwmlx/image/upload/v1683307074/image-1683307074429.jpg",
    "bio": "",
    "contactNumber": "+251930901676",
    "creatorId": "13328ef2-8f70-4ac2-b36c-5696a657b047",
    "deletedStatus": false,
    "subaccountId": "f44aff5b-f439-4857-afe3-a1e03d44557d",
    "createdDate": "2023-05-05T17:17:19.654Z",
    "updatedDate": "2023-05-05T17:17:55.192Z",
    "bankAccounts.id": "f1ec4090-daff-49f1-bc68-66cd75a0f5cc",
    "bankAccounts.number": 1000213915189,
    "bankAccounts.name": "Commercial Bank of Ethiopia (CBE)",
    "bankAccounts.communityId": "03a41f78-5ba2-45d3-9587-4e58ce2324fe",
    "creator.id": "13328ef2-8f70-4ac2-b36c-5696a657b047",
    "creator.username": "",
    "creator.password": "$2b$10$kIQwvrn/kk.PX27SpyM5w.IH64Y/9uvIONjcrfRABKc2itN9k3l06",
    "creator.firstName": "Elias",
    "creator.lastName": "Belete",
    "creator.profile": "",
    "creator.banner": "",
    "creator.phoneNumber": "0973047942",
    "creator.email": "",
    "creator.bio": "",
    "creator.isAdmin": true,
    "creator.deletedStatus": false,
    "creator.createdDate": "2023-03-13T18:22:56.581Z",
    "creator.updatedDate": "2023-03-13T18:23:07.019Z",
    "_count.managers": 0,
    "_count.bankAccounts": 1,
    "_count.organizedTrips": 0,
    "_count.followers": 0,
    "_count.sharedTrips": 0
  },
  {
    "id": "03e4bc89-567a-4f3b-8ddf-cb18b13644db",
    "name": "Firezer Mesfin",
    "communityUsername": "Selo Hiking and Camping",
    "image": "https://res.cloudinary.com/dr7dtwmlx/image/upload/v1681411369/image-1681411369276.jpg",
    "bio": "",
    "contactNumber": "+251933205071",
    "creatorId": "13328ef2-8f70-4ac2-b36c-5696a657b047",
    "deletedStatus": false,
    "subaccountId": "598130bd-34b5-46fd-9359-52d75fb85743",
    "createdDate": "2023-04-13T18:42:18.353Z",
    "updatedDate": "2023-04-13T18:42:50.377Z",
    "bankAccounts.id": "9e23313f-9b78-4efb-a0b4-e985b3ce9b1d",
    "bankAccounts.number": 1000280759647,
    "bankAccounts.name": "Commercial Bank of Ethiopia (CBE)",
    "bankAccounts.communityId": "03e4bc89-567a-4f3b-8ddf-cb18b13644db",
    "creator.id": "13328ef2-8f70-4ac2-b36c-5696a657b047",
    "creator.username": "",
    "creator.password": "$2b$10$kIQwvrn/kk.PX27SpyM5w.IH64Y/9uvIONjcrfRABKc2itN9k3l06",
    "creator.firstName": "Elias",
    "creator.lastName": "Belete",
    "creator.profile": "",
    "creator.banner": "",
    "creator.phoneNumber": "0973047942",
    "creator.email": "",
    "creator.bio": "",
    "creator.isAdmin": true,
    "creator.deletedStatus": false,
    "creator.createdDate": "2023-03-13T18:22:56.581Z",
    "creator.updatedDate": "2023-03-13T18:23:07.019Z",
    "_count.managers": 0,
    "_count.bankAccounts": 1,
    "_count.organizedTrips": 4,
    "_count.followers": 0,
    "_count.sharedTrips": 0
  },
  {
    "id": "0a04a562-9333-4376-8f96-5b4047abae2a",
    "name": "Ethiopian Hiking",
    "communityUsername": "Ethiopian Hiking",
    "image": "https://res.cloudinary.com/dr7dtwmlx/image/upload/v1683726530/image-1683726530262.jpg",
    "bio": "",
    "contactNumber": "+251948471404",
    "creatorId": "13328ef2-8f70-4ac2-b36c-5696a657b047",
    "deletedStatus": false,
    "subaccountId": "e425b4d4-dfe6-4f0b-9394-10f6e3aefa59",
    "createdDate": "2023-05-10T13:48:35.036Z",
    "updatedDate": "2023-05-10T13:48:51.231Z",
    "bankAccounts.id": "3ad1302c-9e1d-4688-b989-a61b01e79a8f",
    "bankAccounts.number": 99748982,
    "bankAccounts.name": "Bank of Abyssinia",
    "bankAccounts.communityId": "0a04a562-9333-4376-8f96-5b4047abae2a",
    "creator.id": "13328ef2-8f70-4ac2-b36c-5696a657b047",
    "creator.username": "",
    "creator.password": "$2b$10$kIQwvrn/kk.PX27SpyM5w.IH64Y/9uvIONjcrfRABKc2itN9k3l06",
    "creator.firstName": "Elias",
    "creator.lastName": "Belete",
    "creator.profile": "",
    "creator.banner": "",
    "creator.phoneNumber": "0973047942",
    "creator.email": "",
    "creator.bio": "",
    "creator.isAdmin": true,
    "creator.deletedStatus": false,
    "creator.createdDate": "2023-03-13T18:22:56.581Z",
    "creator.updatedDate": "2023-03-13T18:23:07.019Z",
    "_count.managers": 0,
    "_count.bankAccounts": 1,
    "_count.organizedTrips": 2,
    "_count.followers": 0,
    "_count.sharedTrips": 0
  },
  {
    "id": "0a72435f-c8ac-4a67-89a9-69a9861a19f0",
    "name": "Bereket Dessie",
    "communityUsername": "Cabana Travel",
    "image": "https://res.cloudinary.com/dr7dtwmlx/image/upload/v1680116798/image-1680116798347.jpg",
    "bio": "",
    "contactNumber": "+251 94 517 3794",
    "creatorId": "13328ef2-8f70-4ac2-b36c-5696a657b047",
    "deletedStatus": false,
    "subaccountId": "56a5abca-a5ca-413e-bca7-128a3fdabdc2",
    "createdDate": "2023-03-29T19:06:13.943Z",
    "updatedDate": "2023-03-29T19:06:39.186Z",
    "bankAccounts.id": "25d380d1-96ce-4abb-962f-27285633c38f",
    "bankAccounts.number": 1000262337891,
    "bankAccounts.name": "Commercial Bank of Ethiopia (CBE)",
    "bankAccounts.communityId": "0a72435f-c8ac-4a67-89a9-69a9861a19f0",
    "creator.id": "13328ef2-8f70-4ac2-b36c-5696a657b047",
    "creator.username": "",
    "creator.password": "$2b$10$kIQwvrn/kk.PX27SpyM5w.IH64Y/9uvIONjcrfRABKc2itN9k3l06",
    "creator.firstName": "Elias",
    "creator.lastName": "Belete",
    "creator.profile": "",
    "creator.banner": "",
    "creator.phoneNumber": "0973047942",
    "creator.email": "",
    "creator.bio": "",
    "creator.isAdmin": true,
    "creator.deletedStatus": false,
    "creator.createdDate": "2023-03-13T18:22:56.581Z",
    "creator.updatedDate": "2023-03-13T18:23:07.019Z",
    "_count.managers": 0,
    "_count.bankAccounts": 1,
    "_count.organizedTrips": 5,
    "_count.followers": 0,
    "_count.sharedTrips": 0
  },
  {
    "id": "0b970f2a-8d2b-47fa-bbae-2ee26341f8ee",
    "name": "Mahder",
    "communityUsername": "Amba Hiking",
    "image": "https://res.cloudinary.com/dr7dtwmlx/image/upload/v1683721287/image-1683721285033.jpg",
    "bio": "",
    "contactNumber": "+251955420074",
    "creatorId": "13328ef2-8f70-4ac2-b36c-5696a657b047",
    "deletedStatus": false,
    "subaccountId": "91c52009-7135-4ebe-b587-ec4925739430",
    "createdDate": "2023-05-10T12:21:09.962Z",
    "updatedDate": "2023-05-10T12:21:35.423Z",
    "bankAccounts.id": "9a8f696c-bc9d-4269-b43a-12a51b356a83",
    "bankAccounts.number": 1000139288541,
    "bankAccounts.name": "Commercial Bank of Ethiopia (CBE)",
    "bankAccounts.communityId": "0b970f2a-8d2b-47fa-bbae-2ee26341f8ee",
    "creator.id": "13328ef2-8f70-4ac2-b36c-5696a657b047",
    "creator.username": "",
    "creator.password": "$2b$10$kIQwvrn/kk.PX27SpyM5w.IH64Y/9uvIONjcrfRABKc2itN9k3l06",
    "creator.firstName": "Elias",
    "creator.lastName": "Belete",
    "creator.profile": "",
    "creator.banner": "",
    "creator.phoneNumber": "0973047942",
    "creator.email": "",
    "creator.bio": "",
    "creator.isAdmin": true,
    "creator.deletedStatus": false,
    "creator.createdDate": "2023-03-13T18:22:56.581Z",
    "creator.updatedDate": "2023-03-13T18:23:07.019Z",
    "_count.managers": 0,
    "_count.bankAccounts": 1,
    "_count.organizedTrips": 1,
    "_count.followers": 0,
    "_count.sharedTrips": 0
  },
  {
    "id": "113b9ed1-19e4-48ab-a6a3-18b8f31782b1",
    "name": "Abraham",
    "communityUsername": "Ruba Tour",
    "image": "https://res.cloudinary.com/dr7dtwmlx/image/upload/v1681410545/image-1681410545002.jpg",
    "bio": "",
    "contactNumber": "+251912777722",
    "creatorId": "13328ef2-8f70-4ac2-b36c-5696a657b047",
    "deletedStatus": false,
    "subaccountId": "fdd2b4ed-c234-4594-b743-96b4de970af9",
    "createdDate": "2023-04-13T18:28:52.008Z",
    "updatedDate": "2023-04-13T18:29:05.793Z",
    "bankAccounts.id": "64d87dcf-dea6-46e6-980a-8b688c63ee31",
    "bankAccounts.number": 1000425209877,
    "bankAccounts.name": "Commercial Bank of Ethiopia (CBE)",
    "bankAccounts.communityId": "113b9ed1-19e4-48ab-a6a3-18b8f31782b1",
    "creator.id": "13328ef2-8f70-4ac2-b36c-5696a657b047",
    "creator.username": "",
    "creator.password": "$2b$10$kIQwvrn/kk.PX27SpyM5w.IH64Y/9uvIONjcrfRABKc2itN9k3l06",
    "creator.firstName": "Elias",
    "creator.lastName": "Belete",
    "creator.profile": "",
    "creator.banner": "",
    "creator.phoneNumber": "0973047942",
    "creator.email": "",
    "creator.bio": "",
    "creator.isAdmin": true,
    "creator.deletedStatus": false,
    "creator.createdDate": "2023-03-13T18:22:56.581Z",
    "creator.updatedDate": "2023-03-13T18:23:07.019Z",
    "_count.managers": 0,
    "_count.bankAccounts": 1,
    "_count.organizedTrips": 2,
    "_count.followers": 0,
    "_count.sharedTrips": 0
  },
  {
    "id": "16f61e6b-ac57-4c69-bf42-33ec5e05358b",
    "name": "Meron",
    "communityUsername": "Sekela Hiking",
    "image": "https://res.cloudinary.com/dr7dtwmlx/image/upload/v1683307197/image-1683307197303.jpg",
    "bio": "",
    "contactNumber": "+251910624920",
    "creatorId": "13328ef2-8f70-4ac2-b36c-5696a657b047",
    "deletedStatus": false,
    "subaccountId": "6681372d-bae4-4758-b2eb-5d3217f24e55",
    "createdDate": "2023-05-05T17:19:43.020Z",
    "updatedDate": "2023-05-05T17:19:58.085Z",
    "bankAccounts.id": "c1b2f015-2734-485c-89d4-f3c25dc84457",
    "bankAccounts.number": 1000450718789,
    "bankAccounts.name": "Commercial Bank of Ethiopia (CBE)",
    "bankAccounts.communityId": "16f61e6b-ac57-4c69-bf42-33ec5e05358b",
    "creator.id": "13328ef2-8f70-4ac2-b36c-5696a657b047",
    "creator.username": "",
    "creator.password": "$2b$10$kIQwvrn/kk.PX27SpyM5w.IH64Y/9uvIONjcrfRABKc2itN9k3l06",
    "creator.firstName": "Elias",
    "creator.lastName": "Belete",
    "creator.profile": "",
    "creator.banner": "",
    "creator.phoneNumber": "0973047942",
    "creator.email": "",
    "creator.bio": "",
    "creator.isAdmin": true,
    "creator.deletedStatus": false,
    "creator.createdDate": "2023-03-13T18:22:56.581Z",
    "creator.updatedDate": "2023-03-13T18:23:07.019Z",
    "_count.managers": 0,
    "_count.bankAccounts": 1,
    "_count.organizedTrips": 0,
    "_count.followers": 0,
    "_count.sharedTrips": 0
  },
  {
    "id": "1852ab27-ad6c-4424-8dae-e357970382bc",
    "name": "Dawit Eshetu",
    "communityUsername": "Iconic Hiking",
    "image": "https://res.cloudinary.com/dr7dtwmlx/image/upload/v1679221768/image-1679221767999.jpg",
    "bio": "",
    "contactNumber": "+251 91 077 0918",
    "creatorId": "13328ef2-8f70-4ac2-b36c-5696a657b047",
    "deletedStatus": false,
    "subaccountId": "bb49c664-0c99-4d3e-a411-bf67fa55c0b5",
    "createdDate": "2023-03-19T10:00:22.050Z",
    "updatedDate": "2023-03-19T10:29:28.662Z",
    "bankAccounts.id": "6ead3c8d-3a2c-46ba-bfbb-3d3f133158f2",
    "bankAccounts.number": 1000139176794,
    "bankAccounts.name": "Commercial Bank of Ethiopia (CBE)",
    "bankAccounts.communityId": "1852ab27-ad6c-4424-8dae-e357970382bc",
    "creator.id": "13328ef2-8f70-4ac2-b36c-5696a657b047",
    "creator.username": "",
    "creator.password": "$2b$10$kIQwvrn/kk.PX27SpyM5w.IH64Y/9uvIONjcrfRABKc2itN9k3l06",
    "creator.firstName": "Elias",
    "creator.lastName": "Belete",
    "creator.profile": "",
    "creator.banner": "",
    "creator.phoneNumber": "0973047942",
    "creator.email": "",
    "creator.bio": "",
    "creator.isAdmin": true,
    "creator.deletedStatus": false,
    "creator.createdDate": "2023-03-13T18:22:56.581Z",
    "creator.updatedDate": "2023-03-13T18:23:07.019Z",
    "_count.managers": 0,
    "_count.bankAccounts": 1,
    "_count.organizedTrips": 11,
    "_count.followers": 0,
    "_count.sharedTrips": 0
  },
  {
    "id": "221938b8-4e9e-401e-8f5a-3267529d83e9",
    "name": "Zerihun Alemayehu",
    "communityUsername": "Blue Nile Tour and Events",
    "image": "https://res.cloudinary.com/dr7dtwmlx/image/upload/v1679219965/image-1679219964866.jpg",
    "bio": "",
    "contactNumber": "+251926219169",
    "creatorId": "13328ef2-8f70-4ac2-b36c-5696a657b047",
    "deletedStatus": false,
    "subaccountId": "8eaaa24d-e004-4e10-a516-6eb9fa09af37",
    "createdDate": "2023-03-19T09:59:03.605Z",
    "updatedDate": "2023-03-19T09:59:25.705Z",
    "bankAccounts.id": "542fa963-785c-4bc1-8890-7e3f1829ba1d",
    "bankAccounts.number": 1000184666336,
    "bankAccounts.name": "Commercial Bank of Ethiopia (CBE)",
    "bankAccounts.communityId": "221938b8-4e9e-401e-8f5a-3267529d83e9",
    "creator.id": "13328ef2-8f70-4ac2-b36c-5696a657b047",
    "creator.username": "",
    "creator.password": "$2b$10$kIQwvrn/kk.PX27SpyM5w.IH64Y/9uvIONjcrfRABKc2itN9k3l06",
    "creator.firstName": "Elias",
    "creator.lastName": "Belete",
    "creator.profile": "",
    "creator.banner": "",
    "creator.phoneNumber": "0973047942",
    "creator.email": "",
    "creator.bio": "",
    "creator.isAdmin": true,
    "creator.deletedStatus": false,
    "creator.createdDate": "2023-03-13T18:22:56.581Z",
    "creator.updatedDate": "2023-03-13T18:23:07.019Z",
    "_count.managers": 0,
    "_count.bankAccounts": 1,
    "_count.organizedTrips": 0,
    "_count.followers": 0,
    "_count.sharedTrips": 0
  },
  {
    "id": "23e64956-b146-48bf-b67c-b75b56fe4ac9",
    "name": "Martha Tesfaye",
    "communityUsername": "Hikologist",
    "image": "https://res.cloudinary.com/dr7dtwmlx/image/upload/v1679222750/image-1679222749876.png",
    "bio": "",
    "contactNumber": "+251 939 164232",
    "creatorId": "13328ef2-8f70-4ac2-b36c-5696a657b047",
    "deletedStatus": false,
    "subaccountId": "6ea4ca95-249e-4e7c-8ec5-fb1386f2be17",
    "createdDate": "2023-03-19T10:38:51.635Z",
    "updatedDate": "2023-03-19T10:45:50.802Z",
    "bankAccounts.id": "b4dc36c8-dab2-42eb-b7b4-169eec383311",
    "bankAccounts.number": 1000293529101,
    "bankAccounts.name": "Commercial Bank of Ethiopia (CBE)",
    "bankAccounts.communityId": "23e64956-b146-48bf-b67c-b75b56fe4ac9",
    "creator.id": "13328ef2-8f70-4ac2-b36c-5696a657b047",
    "creator.username": "",
    "creator.password": "$2b$10$kIQwvrn/kk.PX27SpyM5w.IH64Y/9uvIONjcrfRABKc2itN9k3l06",
    "creator.firstName": "Elias",
    "creator.lastName": "Belete",
    "creator.profile": "",
    "creator.banner": "",
    "creator.phoneNumber": "0973047942",
    "creator.email": "",
    "creator.bio": "",
    "creator.isAdmin": true,
    "creator.deletedStatus": false,
    "creator.createdDate": "2023-03-13T18:22:56.581Z",
    "creator.updatedDate": "2023-03-13T18:23:07.019Z",
    "_count.managers": 0,
    "_count.bankAccounts": 1,
    "_count.organizedTrips": 3,
    "_count.followers": 0,
    "_count.sharedTrips": 0
  },
  {
    "id": "24e6338d-5700-4f6e-a0cc-1d0a19098918",
    "name": "Bethelhem Abraham",
    "communityUsername": "Big Beteseb Hiking & Camping",
    "image": "https://res.cloudinary.com/dr7dtwmlx/image/upload/v1683307295/image-1683307294917.jpg",
    "bio": "",
    "contactNumber": "+251911565729",
    "creatorId": "13328ef2-8f70-4ac2-b36c-5696a657b047",
    "deletedStatus": false,
    "subaccountId": "ca07025e-7581-4f8c-a949-f58314cdc2e4",
    "createdDate": "2023-05-05T17:21:22.253Z",
    "updatedDate": "2023-05-05T17:21:35.810Z",
    "bankAccounts.id": "8d0ee507-ae18-406b-b409-fda7b8ede962",
    "bankAccounts.number": 1000346663808,
    "bankAccounts.name": "Commercial Bank of Ethiopia (CBE)",
    "bankAccounts.communityId": "24e6338d-5700-4f6e-a0cc-1d0a19098918",
    "creator.id": "13328ef2-8f70-4ac2-b36c-5696a657b047",
    "creator.username": "",
    "creator.password": "$2b$10$kIQwvrn/kk.PX27SpyM5w.IH64Y/9uvIONjcrfRABKc2itN9k3l06",
    "creator.firstName": "Elias",
    "creator.lastName": "Belete",
    "creator.profile": "",
    "creator.banner": "",
    "creator.phoneNumber": "0973047942",
    "creator.email": "",
    "creator.bio": "",
    "creator.isAdmin": true,
    "creator.deletedStatus": false,
    "creator.createdDate": "2023-03-13T18:22:56.581Z",
    "creator.updatedDate": "2023-03-13T18:23:07.019Z",
    "_count.managers": 0,
    "_count.bankAccounts": 1,
    "_count.organizedTrips": 0,
    "_count.followers": 0,
    "_count.sharedTrips": 0
  },
  {
    "id": "2637b781-8187-42e5-8bd3-c1d350e9a462",
    "name": "Yonas",
    "communityUsername": "Enqu Hiking",
    "image": "https://res.cloudinary.com/dr7dtwmlx/image/upload/v1679222282/image-1679222282300.jpg",
    "bio": "",
    "contactNumber": "+251 91 398 9843",
    "creatorId": "13328ef2-8f70-4ac2-b36c-5696a657b047",
    "deletedStatus": false,
    "subaccountId": "d60d4a41-064b-491d-be0c-0fe967cd7137",
    "createdDate": "2023-03-19T10:37:36.122Z",
    "updatedDate": "2023-03-19T10:38:03.042Z",
    "bankAccounts.id": "2b856d20-fbd3-4bb7-b87c-3e388d1eb66a",
    "bankAccounts.number": 1000289282398,
    "bankAccounts.name": "Commercial Bank of Ethiopia (CBE)",
    "bankAccounts.communityId": "2637b781-8187-42e5-8bd3-c1d350e9a462",
    "creator.id": "13328ef2-8f70-4ac2-b36c-5696a657b047",
    "creator.username": "",
    "creator.password": "$2b$10$kIQwvrn/kk.PX27SpyM5w.IH64Y/9uvIONjcrfRABKc2itN9k3l06",
    "creator.firstName": "Elias",
    "creator.lastName": "Belete",
    "creator.profile": "",
    "creator.banner": "",
    "creator.phoneNumber": "0973047942",
    "creator.email": "",
    "creator.bio": "",
    "creator.isAdmin": true,
    "creator.deletedStatus": false,
    "creator.createdDate": "2023-03-13T18:22:56.581Z",
    "creator.updatedDate": "2023-03-13T18:23:07.019Z",
    "_count.managers": 0,
    "_count.bankAccounts": 1,
    "_count.organizedTrips": 21,
    "_count.followers": 0,
    "_count.sharedTrips": 0
  },
  {
    "id": "276f8e1f-fe57-462e-b563-e4cfecee3a57",
    "name": "Abebayehu Abebe",
    "communityUsername": "Ecotravel Ethiopia",
    "image": "https://res.cloudinary.com/dr7dtwmlx/image/upload/v1682107882/image-1682107882221.png",
    "bio": "",
    "contactNumber": "+251938949621",
    "creatorId": "13328ef2-8f70-4ac2-b36c-5696a657b047",
    "deletedStatus": false,
    "subaccountId": "a16ef735-fec7-4733-96a3-ebe9cfd5617c",
    "createdDate": "2023-04-21T20:10:58.143Z",
    "updatedDate": "2023-04-21T20:11:23.170Z",
    "bankAccounts.id": "8412c1d8-182a-439e-ab0b-7ae1a239fa3a",
    "bankAccounts.number": 1000307161358,
    "bankAccounts.name": "Commercial Bank of Ethiopia (CBE)",
    "bankAccounts.communityId": "276f8e1f-fe57-462e-b563-e4cfecee3a57",
    "creator.id": "13328ef2-8f70-4ac2-b36c-5696a657b047",
    "creator.username": "",
    "creator.password": "$2b$10$kIQwvrn/kk.PX27SpyM5w.IH64Y/9uvIONjcrfRABKc2itN9k3l06",
    "creator.firstName": "Elias",
    "creator.lastName": "Belete",
    "creator.profile": "",
    "creator.banner": "",
    "creator.phoneNumber": "0973047942",
    "creator.email": "",
    "creator.bio": "",
    "creator.isAdmin": true,
    "creator.deletedStatus": false,
    "creator.createdDate": "2023-03-13T18:22:56.581Z",
    "creator.updatedDate": "2023-03-13T18:23:07.019Z",
    "_count.managers": 0,
    "_count.bankAccounts": 1,
    "_count.organizedTrips": 4,
    "_count.followers": 0,
    "_count.sharedTrips": 0
  },
  {
    "id": "2a025727-f4b7-4524-8ec2-0cfbb601e02d",
    "name": "Ezana Fitsum",
    "communityUsername": "Geez Hiking",
    "image": "https://res.cloudinary.com/dr7dtwmlx/image/upload/v1681751236/image-1681751236298.jpg",
    "bio": "",
    "contactNumber": "+251921699343",
    "creatorId": "13328ef2-8f70-4ac2-b36c-5696a657b047",
    "deletedStatus": false,
    "subaccountId": "13ebeb38-e62c-4a41-a190-1bfdfa9fbb0e",
    "createdDate": "2023-04-17T17:06:34.488Z",
    "updatedDate": "2023-04-17T17:07:17.296Z",
    "bankAccounts.id": "b929695e-e410-4003-8943-e3b47a7d1996",
    "bankAccounts.number": 1000270299877,
    "bankAccounts.name": "Commercial Bank of Ethiopia (CBE)",
    "bankAccounts.communityId": "2a025727-f4b7-4524-8ec2-0cfbb601e02d",
    "creator.id": "13328ef2-8f70-4ac2-b36c-5696a657b047",
    "creator.username": "",
    "creator.password": "$2b$10$kIQwvrn/kk.PX27SpyM5w.IH64Y/9uvIONjcrfRABKc2itN9k3l06",
    "creator.firstName": "Elias",
    "creator.lastName": "Belete",
    "creator.profile": "",
    "creator.banner": "",
    "creator.phoneNumber": "0973047942",
    "creator.email": "",
    "creator.bio": "",
    "creator.isAdmin": true,
    "creator.deletedStatus": false,
    "creator.createdDate": "2023-03-13T18:22:56.581Z",
    "creator.updatedDate": "2023-03-13T18:23:07.019Z",
    "_count.managers": 0,
    "_count.bankAccounts": 1,
    "_count.organizedTrips": 6,
    "_count.followers": 0,
    "_count.sharedTrips": 0
  },
  {
    "id": "2cc32b77-72d0-454b-baa4-7a104f4c95c9",
    "name": "Amanuel Kawnda",
    "communityUsername": "Ethio Travel",
    "image": "https://res.cloudinary.com/dr7dtwmlx/image/upload/v1683306816/image-1683306816384.jpg",
    "bio": "",
    "contactNumber": "+251922580768",
    "creatorId": "13328ef2-8f70-4ac2-b36c-5696a657b047",
    "deletedStatus": false,
    "subaccountId": "f67af623-107b-430e-bcfc-3b52ab86de6a",
    "createdDate": "2023-05-05T17:13:05.955Z",
    "updatedDate": "2023-05-05T17:13:37.307Z",
    "bankAccounts.id": "47625737-43c5-4f5f-826b-03e53b63d836",
    "bankAccounts.number": 1000102269792,
    "bankAccounts.name": "Commercial Bank of Ethiopia (CBE)",
    "bankAccounts.communityId": "2cc32b77-72d0-454b-baa4-7a104f4c95c9",
    "creator.id": "13328ef2-8f70-4ac2-b36c-5696a657b047",
    "creator.username": "",
    "creator.password": "$2b$10$kIQwvrn/kk.PX27SpyM5w.IH64Y/9uvIONjcrfRABKc2itN9k3l06",
    "creator.firstName": "Elias",
    "creator.lastName": "Belete",
    "creator.profile": "",
    "creator.banner": "",
    "creator.phoneNumber": "0973047942",
    "creator.email": "",
    "creator.bio": "",
    "creator.isAdmin": true,
    "creator.deletedStatus": false,
    "creator.createdDate": "2023-03-13T18:22:56.581Z",
    "creator.updatedDate": "2023-03-13T18:23:07.019Z",
    "_count.managers": 0,
    "_count.bankAccounts": 1,
    "_count.organizedTrips": 0,
    "_count.followers": 0,
    "_count.sharedTrips": 0
  },
  {
    "id": "2d9298d1-7337-47bc-8104-bb9b7fb389eb",
    "name": "Tewodros Demessie",
    "communityUsername": "Rainbow Car Rental",
    "image": "https://res.cloudinary.com/dr7dtwmlx/image/upload/v1683306721/image-1683306720983.jpg",
    "bio": "",
    "contactNumber": "+251 91 123 4006",
    "creatorId": "13328ef2-8f70-4ac2-b36c-5696a657b047",
    "deletedStatus": false,
    "subaccountId": "5892aa2a-ccd3-4c79-94ab-9ccf10228372",
    "createdDate": "2023-05-05T17:11:36.800Z",
    "updatedDate": "2023-05-05T17:12:01.975Z",
    "bankAccounts.id": "956c537f-28e0-4728-b76a-22a0c5a2fd65",
    "bankAccounts.number": 1000207849018,
    "bankAccounts.name": "Commercial Bank of Ethiopia (CBE)",
    "bankAccounts.communityId": "2d9298d1-7337-47bc-8104-bb9b7fb389eb",
    "creator.id": "13328ef2-8f70-4ac2-b36c-5696a657b047",
    "creator.username": "",
    "creator.password": "$2b$10$kIQwvrn/kk.PX27SpyM5w.IH64Y/9uvIONjcrfRABKc2itN9k3l06",
    "creator.firstName": "Elias",
    "creator.lastName": "Belete",
    "creator.profile": "",
    "creator.banner": "",
    "creator.phoneNumber": "0973047942",
    "creator.email": "",
    "creator.bio": "",
    "creator.isAdmin": true,
    "creator.deletedStatus": false,
    "creator.createdDate": "2023-03-13T18:22:56.581Z",
    "creator.updatedDate": "2023-03-13T18:23:07.019Z",
    "_count.managers": 0,
    "_count.bankAccounts": 1,
    "_count.organizedTrips": 0,
    "_count.followers": 0,
    "_count.sharedTrips": 0
  },
  {
    "id": "315cb9a7-7eb3-4c61-9716-2103b90dddfd",
    "name": "China Mohammed",
    "communityUsername": "Cheena Hiking",
    "image": "https://res.cloudinary.com/dr7dtwmlx/image/upload/v1683306869/image-1683306869427.jpg",
    "bio": "",
    "contactNumber": "+251951101907",
    "creatorId": "13328ef2-8f70-4ac2-b36c-5696a657b047",
    "deletedStatus": false,
    "subaccountId": "7773827f-d80f-4e2c-bf53-e9b6434d3f33",
    "createdDate": "2023-05-05T17:14:13.434Z",
    "updatedDate": "2023-05-05T17:14:30.227Z",
    "bankAccounts.id": "cddcfc91-4614-4bf5-94a5-07a61e1603cd",
    "bankAccounts.number": 1000068170428,
    "bankAccounts.name": "Commercial Bank of Ethiopia (CBE)",
    "bankAccounts.communityId": "315cb9a7-7eb3-4c61-9716-2103b90dddfd",
    "creator.id": "13328ef2-8f70-4ac2-b36c-5696a657b047",
    "creator.username": "",
    "creator.password": "$2b$10$kIQwvrn/kk.PX27SpyM5w.IH64Y/9uvIONjcrfRABKc2itN9k3l06",
    "creator.firstName": "Elias",
    "creator.lastName": "Belete",
    "creator.profile": "",
    "creator.banner": "",
    "creator.phoneNumber": "0973047942",
    "creator.email": "",
    "creator.bio": "",
    "creator.isAdmin": true,
    "creator.deletedStatus": false,
    "creator.createdDate": "2023-03-13T18:22:56.581Z",
    "creator.updatedDate": "2023-03-13T18:23:07.019Z",
    "_count.managers": 0,
    "_count.bankAccounts": 1,
    "_count.organizedTrips": 2,
    "_count.followers": 0,
    "_count.sharedTrips": 0
  },
  {
    "id": "32b4b29a-8be3-4c26-98d2-0738cfb20e3c",
    "name": "Yoseph Taye",
    "communityUsername": "Hasset Hiking",
    "image": "https://res.cloudinary.com/dr7dtwmlx/image/upload/v1680114199/image-1680114198845.png",
    "bio": "",
    "contactNumber": "+251 94 319 4836",
    "creatorId": "13328ef2-8f70-4ac2-b36c-5696a657b047",
    "deletedStatus": false,
    "subaccountId": "d0dd5f36-5d70-4cde-a431-d21fb903ca30",
    "createdDate": "2023-03-29T18:06:16.351Z",
    "updatedDate": "2023-03-29T18:23:19.864Z",
    "bankAccounts.id": "d574378a-3d74-455c-a490-7a5b6184b8e0",
    "bankAccounts.number": 1000130272038,
    "bankAccounts.name": "Commercial Bank of Ethiopia (CBE)",
    "bankAccounts.communityId": "32b4b29a-8be3-4c26-98d2-0738cfb20e3c",
    "creator.id": "13328ef2-8f70-4ac2-b36c-5696a657b047",
    "creator.username": "",
    "creator.password": "$2b$10$kIQwvrn/kk.PX27SpyM5w.IH64Y/9uvIONjcrfRABKc2itN9k3l06",
    "creator.firstName": "Elias",
    "creator.lastName": "Belete",
    "creator.profile": "",
    "creator.banner": "",
    "creator.phoneNumber": "0973047942",
    "creator.email": "",
    "creator.bio": "",
    "creator.isAdmin": true,
    "creator.deletedStatus": false,
    "creator.createdDate": "2023-03-13T18:22:56.581Z",
    "creator.updatedDate": "2023-03-13T18:23:07.019Z",
    "_count.managers": 0,
    "_count.bankAccounts": 1,
    "_count.organizedTrips": 5,
    "_count.followers": 0,
    "_count.sharedTrips": 0
  },
  {
    "id": "4135170a-8348-49a5-aa77-8cf48e13965a",
    "name": "Bereket Tomas",
    "communityUsername": "Beki Tom Events",
    "image": "https://res.cloudinary.com/dr7dtwmlx/image/upload/v1691044946/image-1691044945795.jpg",
    "bio": "",
    "contactNumber": "+251 96 489 5484",
    "creatorId": "13328ef2-8f70-4ac2-b36c-5696a657b047",
    "deletedStatus": false,
    "subaccountId": "67850e61-2583-4b2c-bc78-4af62ff08132",
    "createdDate": "2023-08-03T06:42:07.274Z",
    "updatedDate": "2023-08-03T06:42:26.688Z",
    "bankAccounts.id": "5fad62e0-436f-454f-a0e3-d5294677cf3d",
    "bankAccounts.number": 1000319329758,
    "bankAccounts.name": "Commercial Bank of Ethiopia (CBE)",
    "bankAccounts.communityId": "4135170a-8348-49a5-aa77-8cf48e13965a",
    "creator.id": "13328ef2-8f70-4ac2-b36c-5696a657b047",
    "creator.username": "",
    "creator.password": "$2b$10$kIQwvrn/kk.PX27SpyM5w.IH64Y/9uvIONjcrfRABKc2itN9k3l06",
    "creator.firstName": "Elias",
    "creator.lastName": "Belete",
    "creator.profile": "",
    "creator.banner": "",
    "creator.phoneNumber": "0973047942",
    "creator.email": "",
    "creator.bio": "",
    "creator.isAdmin": true,
    "creator.deletedStatus": false,
    "creator.createdDate": "2023-03-13T18:22:56.581Z",
    "creator.updatedDate": "2023-03-13T18:23:07.019Z",
    "_count.managers": 0,
    "_count.bankAccounts": 1,
    "_count.organizedTrips": 1,
    "_count.followers": 0,
    "_count.sharedTrips": 0
  },
  {
    "id": "58abecf2-b79a-4f96-bad5-63e3c72dac37",
    "name": "Biniam Tadesse",
    "communityUsername": "Senafri Events",
    "image": "https://res.cloudinary.com/dr7dtwmlx/image/upload/v1685177395/image-1685177394373.png",
    "bio": "",
    "contactNumber": "+251912668827",
    "creatorId": "13328ef2-8f70-4ac2-b36c-5696a657b047",
    "deletedStatus": false,
    "subaccountId": "e9ce7938-c5c7-4048-90e9-09275ec86c73",
    "createdDate": "2023-05-27T08:49:21.162Z",
    "updatedDate": "2023-05-27T08:49:55.501Z",
    "bankAccounts.id": "f09404c2-796b-4712-a170-db7e25ccecfe",
    "bankAccounts.number": 1000137084396,
    "bankAccounts.name": "Commercial Bank of Ethiopia (CBE)",
    "bankAccounts.communityId": "58abecf2-b79a-4f96-bad5-63e3c72dac37",
    "creator.id": "13328ef2-8f70-4ac2-b36c-5696a657b047",
    "creator.username": "",
    "creator.password": "$2b$10$kIQwvrn/kk.PX27SpyM5w.IH64Y/9uvIONjcrfRABKc2itN9k3l06",
    "creator.firstName": "Elias",
    "creator.lastName": "Belete",
    "creator.profile": "",
    "creator.banner": "",
    "creator.phoneNumber": "0973047942",
    "creator.email": "",
    "creator.bio": "",
    "creator.isAdmin": true,
    "creator.deletedStatus": false,
    "creator.createdDate": "2023-03-13T18:22:56.581Z",
    "creator.updatedDate": "2023-03-13T18:23:07.019Z",
    "_count.managers": 0,
    "_count.bankAccounts": 1,
    "_count.organizedTrips": 1,
    "_count.followers": 0,
    "_count.sharedTrips": 0
  },
  {
    "id": "5d1aada8-6911-4ddb-be2b-1ae1f09e10cc",
    "name": "Gara HIking",
    "communityUsername": "Gara Hiking",
    "image": "https://res.cloudinary.com/dr7dtwmlx/image/upload/v1680934659/image-1680934659003.jpg",
    "bio": "",
    "contactNumber": "+251 94 636 6918",
    "creatorId": "13328ef2-8f70-4ac2-b36c-5696a657b047",
    "deletedStatus": false,
    "subaccountId": "94866e00-508f-4d53-b645-180ce9e1b023",
    "createdDate": "2023-04-08T06:17:24.052Z",
    "updatedDate": "2023-04-08T06:17:39.891Z",
    "bankAccounts.id": "c02c9c18-814d-40f9-bfb7-938a8637e5f1",
    "bankAccounts.number": 1000488837177,
    "bankAccounts.name": "Commercial Bank of Ethiopia (CBE)",
    "bankAccounts.communityId": "5d1aada8-6911-4ddb-be2b-1ae1f09e10cc",
    "creator.id": "13328ef2-8f70-4ac2-b36c-5696a657b047",
    "creator.username": "",
    "creator.password": "$2b$10$kIQwvrn/kk.PX27SpyM5w.IH64Y/9uvIONjcrfRABKc2itN9k3l06",
    "creator.firstName": "Elias",
    "creator.lastName": "Belete",
    "creator.profile": "",
    "creator.banner": "",
    "creator.phoneNumber": "0973047942",
    "creator.email": "",
    "creator.bio": "",
    "creator.isAdmin": true,
    "creator.deletedStatus": false,
    "creator.createdDate": "2023-03-13T18:22:56.581Z",
    "creator.updatedDate": "2023-03-13T18:23:07.019Z",
    "_count.managers": 0,
    "_count.bankAccounts": 1,
    "_count.organizedTrips": 2,
    "_count.followers": 0,
    "_count.sharedTrips": 0
  },
  {
    "id": "772ebc4a-98bf-421d-ac6d-4d46572ab498",
    "name": "Teamir Alemayehu",
    "communityUsername": "Dashen Outdoor Recreation",
    "image": "",
    "bio": "",
    "contactNumber": "+251977121246",
    "creatorId": "13328ef2-8f70-4ac2-b36c-5696a657b047",
    "deletedStatus": false,
    "subaccountId": "7179e583-2292-4f53-96ca-23e34998d8fc",
    "createdDate": "2023-05-05T17:23:56.391Z",
    "updatedDate": "2023-05-05T17:23:56.391Z",
    "bankAccounts.id": "bcfe7025-310e-41cb-aeb3-34dfead34905",
    "bankAccounts.number": 1000286737928,
    "bankAccounts.name": "Commercial Bank of Ethiopia (CBE)",
    "bankAccounts.communityId": "772ebc4a-98bf-421d-ac6d-4d46572ab498",
    "creator.id": "13328ef2-8f70-4ac2-b36c-5696a657b047",
    "creator.username": "",
    "creator.password": "$2b$10$kIQwvrn/kk.PX27SpyM5w.IH64Y/9uvIONjcrfRABKc2itN9k3l06",
    "creator.firstName": "Elias",
    "creator.lastName": "Belete",
    "creator.profile": "",
    "creator.banner": "",
    "creator.phoneNumber": "0973047942",
    "creator.email": "",
    "creator.bio": "",
    "creator.isAdmin": true,
    "creator.deletedStatus": false,
    "creator.createdDate": "2023-03-13T18:22:56.581Z",
    "creator.updatedDate": "2023-03-13T18:23:07.019Z",
    "_count.managers": 0,
    "_count.bankAccounts": 1,
    "_count.organizedTrips": 0,
    "_count.followers": 0,
    "_count.sharedTrips": 0
  },
  {
    "id": "7f351818-37f2-4372-9734-5ed60106c1b2",
    "name": "John Kifle",
    "communityUsername": "Riseup Hiking",
    "image": "https://res.cloudinary.com/dr7dtwmlx/image/upload/v1680117629/image-1680117628901.jpg",
    "bio": "",
    "contactNumber": "+251 91 178 0230",
    "creatorId": "13328ef2-8f70-4ac2-b36c-5696a657b047",
    "deletedStatus": false,
    "subaccountId": "ef0b0889-e690-4aab-8e9b-3461352a24dd",
    "createdDate": "2023-03-29T19:20:08.296Z",
    "updatedDate": "2023-03-29T19:20:29.858Z",
    "bankAccounts.id": "199f4937-1b9a-43c4-86e2-9767b31cc93f",
    "bankAccounts.number": 1000074650938,
    "bankAccounts.name": "Commercial Bank of Ethiopia (CBE)",
    "bankAccounts.communityId": "7f351818-37f2-4372-9734-5ed60106c1b2",
    "creator.id": "13328ef2-8f70-4ac2-b36c-5696a657b047",
    "creator.username": "",
    "creator.password": "$2b$10$kIQwvrn/kk.PX27SpyM5w.IH64Y/9uvIONjcrfRABKc2itN9k3l06",
    "creator.firstName": "Elias",
    "creator.lastName": "Belete",
    "creator.profile": "",
    "creator.banner": "",
    "creator.phoneNumber": "0973047942",
    "creator.email": "",
    "creator.bio": "",
    "creator.isAdmin": true,
    "creator.deletedStatus": false,
    "creator.createdDate": "2023-03-13T18:22:56.581Z",
    "creator.updatedDate": "2023-03-13T18:23:07.019Z",
    "_count.managers": 0,
    "_count.bankAccounts": 1,
    "_count.organizedTrips": 29,
    "_count.followers": 0,
    "_count.sharedTrips": 0
  },
  {
    "id": "825188ac-5f26-4972-af6c-4e0c8ce721f4",
    "name": "Marco Degasper",
    "communityUsername": "Simien Eco Tours",
    "image": "https://res.cloudinary.com/dr7dtwmlx/image/upload/v1679168639/image-1679168639160.jpg",
    "bio": "",
    "contactNumber": "+251920732527",
    "creatorId": "c62911b4-fb2d-48e3-83f6-e4a37014253e",
    "deletedStatus": false,
    "subaccountId": "f88029ee-a16d-44f9-b6f7-276d535fb55e",
    "createdDate": "2023-03-18T19:43:18.419Z",
    "updatedDate": "2023-03-18T19:44:00.343Z",
    "bankAccounts.id": "0df44197-315d-4e6a-8fd2-91be88684983",
    "bankAccounts.number": 1000259269753,
    "bankAccounts.name": "Commercial Bank of Ethiopia (CBE)",
    "bankAccounts.communityId": "825188ac-5f26-4972-af6c-4e0c8ce721f4",
    "creator.id": "c62911b4-fb2d-48e3-83f6-e4a37014253e",
    "creator.username": "",
    "creator.password": "$2b$10$hdv.RrcmGezBpD9WGUrXF.Zpd34B6p4Yy3m8.WVZwq6di/y.STJXK",
    "creator.firstName": "Super",
    "creator.lastName": "Admin",
    "creator.profile": "",
    "creator.banner": "",
    "creator.phoneNumber": "0927696691",
    "creator.email": "",
    "creator.bio": "",
    "creator.isAdmin": true,
    "creator.deletedStatus": false,
    "creator.createdDate": "2023-02-09T17:50:28.213Z",
    "creator.updatedDate": "2023-02-23T07:43:40.223Z",
    "_count.managers": 0,
    "_count.bankAccounts": 1,
    "_count.organizedTrips": 0,
    "_count.followers": 0,
    "_count.sharedTrips": 0
  },
  {
    "id": "868b4962-3bb2-464b-8539-91e7bd572a94",
    "name": "Bereket Getachew",
    "communityUsername": "Negestat Event",
    "image": "https://res.cloudinary.com/dr7dtwmlx/image/upload/v1681756301/image-1681756301310.jpg",
    "bio": "",
    "contactNumber": "+251945669837",
    "creatorId": "13328ef2-8f70-4ac2-b36c-5696a657b047",
    "deletedStatus": false,
    "subaccountId": "dd59bfd6-c64d-44f3-bbec-13d0af1325b5",
    "createdDate": "2023-04-17T18:31:06.799Z",
    "updatedDate": "2023-04-17T18:31:42.284Z",
    "bankAccounts.id": "defcb553-6cef-40b9-af44-04ac83ccaa34",
    "bankAccounts.number": 1000446514451,
    "bankAccounts.name": "Commercial Bank of Ethiopia (CBE)",
    "bankAccounts.communityId": "868b4962-3bb2-464b-8539-91e7bd572a94",
    "creator.id": "13328ef2-8f70-4ac2-b36c-5696a657b047",
    "creator.username": "",
    "creator.password": "$2b$10$kIQwvrn/kk.PX27SpyM5w.IH64Y/9uvIONjcrfRABKc2itN9k3l06",
    "creator.firstName": "Elias",
    "creator.lastName": "Belete",
    "creator.profile": "",
    "creator.banner": "",
    "creator.phoneNumber": "0973047942",
    "creator.email": "",
    "creator.bio": "",
    "creator.isAdmin": true,
    "creator.deletedStatus": false,
    "creator.createdDate": "2023-03-13T18:22:56.581Z",
    "creator.updatedDate": "2023-03-13T18:23:07.019Z",
    "_count.managers": 0,
    "_count.bankAccounts": 1,
    "_count.organizedTrips": 8,
    "_count.followers": 0,
    "_count.sharedTrips": 0
  },
  {
    "id": "87cdaa50-6db1-47ab-9e17-ed33a0166a0a",
    "name": "Alexander Yohannes",
    "communityUsername": "Aesop Hiking",
    "image": "https://res.cloudinary.com/dr7dtwmlx/image/upload/v1682179084/image-1682179083923.jpg",
    "bio": "",
    "contactNumber": "+251912390685",
    "creatorId": "13328ef2-8f70-4ac2-b36c-5696a657b047",
    "deletedStatus": false,
    "subaccountId": "7416bb80-2bed-43c3-bb49-0bd1ec6fd783",
    "createdDate": "2023-04-22T15:57:50.207Z",
    "updatedDate": "2023-04-22T15:58:04.844Z",
    "bankAccounts.id": "91961417-28db-4be7-ba05-c66850d87277",
    "bankAccounts.number": 1000373510029,
    "bankAccounts.name": "Commercial Bank of Ethiopia (CBE)",
    "bankAccounts.communityId": "87cdaa50-6db1-47ab-9e17-ed33a0166a0a",
    "creator.id": "13328ef2-8f70-4ac2-b36c-5696a657b047",
    "creator.username": "",
    "creator.password": "$2b$10$kIQwvrn/kk.PX27SpyM5w.IH64Y/9uvIONjcrfRABKc2itN9k3l06",
    "creator.firstName": "Elias",
    "creator.lastName": "Belete",
    "creator.profile": "",
    "creator.banner": "",
    "creator.phoneNumber": "0973047942",
    "creator.email": "",
    "creator.bio": "",
    "creator.isAdmin": true,
    "creator.deletedStatus": false,
    "creator.createdDate": "2023-03-13T18:22:56.581Z",
    "creator.updatedDate": "2023-03-13T18:23:07.019Z",
    "_count.managers": 0,
    "_count.bankAccounts": 1,
    "_count.organizedTrips": 6,
    "_count.followers": 0,
    "_count.sharedTrips": 0
  },
  {
    "id": "8871a55c-efca-4f17-a93c-1abe5402e831",
    "name": "Miriam Seble",
    "communityUsername": "Aithiopia Hiking",
    "image": "https://res.cloudinary.com/dr7dtwmlx/image/upload/v1679222064/image-1679222063625.jpg",
    "bio": "",
    "contactNumber": "+251913222390",
    "creatorId": "13328ef2-8f70-4ac2-b36c-5696a657b047",
    "deletedStatus": false,
    "subaccountId": "9d617a29-7659-48fe-a104-c6e1b43144ad",
    "createdDate": "2023-03-19T10:34:06.374Z",
    "updatedDate": "2023-03-19T10:34:24.418Z",
    "bankAccounts.id": "0a9c1a8b-5ee3-4e17-a77c-13aa226e4264",
    "bankAccounts.number": 1000235669343,
    "bankAccounts.name": "Commercial Bank of Ethiopia (CBE)",
    "bankAccounts.communityId": "8871a55c-efca-4f17-a93c-1abe5402e831",
    "creator.id": "13328ef2-8f70-4ac2-b36c-5696a657b047",
    "creator.username": "",
    "creator.password": "$2b$10$kIQwvrn/kk.PX27SpyM5w.IH64Y/9uvIONjcrfRABKc2itN9k3l06",
    "creator.firstName": "Elias",
    "creator.lastName": "Belete",
    "creator.profile": "",
    "creator.banner": "",
    "creator.phoneNumber": "0973047942",
    "creator.email": "",
    "creator.bio": "",
    "creator.isAdmin": true,
    "creator.deletedStatus": false,
    "creator.createdDate": "2023-03-13T18:22:56.581Z",
    "creator.updatedDate": "2023-03-13T18:23:07.019Z",
    "_count.managers": 0,
    "_count.bankAccounts": 1,
    "_count.organizedTrips": 0,
    "_count.followers": 0,
    "_count.sharedTrips": 0
  },
  {
    "id": "8b1a0ae3-45b5-4452-825b-0c06624a261b",
    "name": "Great Hikers",
    "communityUsername": "Great Hikers Ethiopia",
    "image": "https://res.cloudinary.com/dr7dtwmlx/image/upload/v1679219841/image-1679219840509.jpg",
    "bio": "",
    "contactNumber": "+251911050143",
    "creatorId": "13328ef2-8f70-4ac2-b36c-5696a657b047",
    "deletedStatus": false,
    "subaccountId": "b9697055-0959-4ef2-b623-e96423885826",
    "createdDate": "2023-03-19T09:56:59.904Z",
    "updatedDate": "2023-03-19T09:57:21.311Z",
    "bankAccounts.id": "638cccf3-4535-4fc3-bf7e-e21248e9a05c",
    "bankAccounts.number": 1000274402834,
    "bankAccounts.name": "Commercial Bank of Ethiopia (CBE)",
    "bankAccounts.communityId": "8b1a0ae3-45b5-4452-825b-0c06624a261b",
    "creator.id": "13328ef2-8f70-4ac2-b36c-5696a657b047",
    "creator.username": "",
    "creator.password": "$2b$10$kIQwvrn/kk.PX27SpyM5w.IH64Y/9uvIONjcrfRABKc2itN9k3l06",
    "creator.firstName": "Elias",
    "creator.lastName": "Belete",
    "creator.profile": "",
    "creator.banner": "",
    "creator.phoneNumber": "0973047942",
    "creator.email": "",
    "creator.bio": "",
    "creator.isAdmin": true,
    "creator.deletedStatus": false,
    "creator.createdDate": "2023-03-13T18:22:56.581Z",
    "creator.updatedDate": "2023-03-13T18:23:07.019Z",
    "_count.managers": 0,
    "_count.bankAccounts": 1,
    "_count.organizedTrips": 1,
    "_count.followers": 0,
    "_count.sharedTrips": 0
  },
  {
    "id": "913d239e-9508-4fbb-9a9e-27c3b45ab50d",
    "name": "Abera",
    "communityUsername": "Sina Travel and Events",
    "image": "https://res.cloudinary.com/dr7dtwmlx/image/upload/v1683725396/image-1683725396175.jpg",
    "bio": "",
    "contactNumber": "0942184113",
    "creatorId": "13328ef2-8f70-4ac2-b36c-5696a657b047",
    "deletedStatus": false,
    "subaccountId": "936a1dfa-b911-4180-ac2c-2bcdb50c9130",
    "createdDate": "2023-05-10T13:29:44.356Z",
    "updatedDate": "2023-05-10T13:29:57.162Z",
    "bankAccounts.id": "4cfd5e24-a146-410c-962b-de1773ebdfe4",
    "bankAccounts.number": 1000191855853,
    "bankAccounts.name": "Commercial Bank of Ethiopia (CBE)",
    "bankAccounts.communityId": "913d239e-9508-4fbb-9a9e-27c3b45ab50d",
    "creator.id": "13328ef2-8f70-4ac2-b36c-5696a657b047",
    "creator.username": "",
    "creator.password": "$2b$10$kIQwvrn/kk.PX27SpyM5w.IH64Y/9uvIONjcrfRABKc2itN9k3l06",
    "creator.firstName": "Elias",
    "creator.lastName": "Belete",
    "creator.profile": "",
    "creator.banner": "",
    "creator.phoneNumber": "0973047942",
    "creator.email": "",
    "creator.bio": "",
    "creator.isAdmin": true,
    "creator.deletedStatus": false,
    "creator.createdDate": "2023-03-13T18:22:56.581Z",
    "creator.updatedDate": "2023-03-13T18:23:07.019Z",
    "_count.managers": 0,
    "_count.bankAccounts": 1,
    "_count.organizedTrips": 1,
    "_count.followers": 0,
    "_count.sharedTrips": 0
  },
  {
    "id": "92c06177-7209-4a84-b7b1-71c92c3a0fe5",
    "name": "Emnet Zewdneh",
    "communityUsername": "Asham Hiking",
    "image": "https://res.cloudinary.com/dr7dtwmlx/image/upload/v1682104100/image-1682104099492.jpg",
    "bio": "",
    "contactNumber": "+251966259178",
    "creatorId": "13328ef2-8f70-4ac2-b36c-5696a657b047",
    "deletedStatus": false,
    "subaccountId": "748a10af-5f69-49ae-aa67-34e349608975",
    "createdDate": "2023-04-21T19:07:44.894Z",
    "updatedDate": "2023-04-21T19:08:20.572Z",
    "bankAccounts.id": "4179f261-d291-4d25-9a87-1de8cdff0efe",
    "bankAccounts.number": 1000294172207,
    "bankAccounts.name": "Commercial Bank of Ethiopia (CBE)",
    "bankAccounts.communityId": "92c06177-7209-4a84-b7b1-71c92c3a0fe5",
    "creator.id": "13328ef2-8f70-4ac2-b36c-5696a657b047",
    "creator.username": "",
    "creator.password": "$2b$10$kIQwvrn/kk.PX27SpyM5w.IH64Y/9uvIONjcrfRABKc2itN9k3l06",
    "creator.firstName": "Elias",
    "creator.lastName": "Belete",
    "creator.profile": "",
    "creator.banner": "",
    "creator.phoneNumber": "0973047942",
    "creator.email": "",
    "creator.bio": "",
    "creator.isAdmin": true,
    "creator.deletedStatus": false,
    "creator.createdDate": "2023-03-13T18:22:56.581Z",
    "creator.updatedDate": "2023-03-13T18:23:07.019Z",
    "_count.managers": 0,
    "_count.bankAccounts": 1,
    "_count.organizedTrips": 3,
    "_count.followers": 0,
    "_count.sharedTrips": 0
  },
  {
    "id": "9aa0b22c-85de-4121-a7c3-a274c4ecc2fc",
    "name": "Biruk",
    "communityUsername": "Ibex Hiking",
    "image": "https://res.cloudinary.com/dr7dtwmlx/image/upload/v1683307409/image-1683307409479.jpg",
    "bio": "",
    "contactNumber": "+251932230443",
    "creatorId": "13328ef2-8f70-4ac2-b36c-5696a657b047",
    "deletedStatus": false,
    "subaccountId": "18e010ac-9b90-4b81-bda1-dfe84bf4ae42",
    "createdDate": "2023-05-05T17:23:13.214Z",
    "updatedDate": "2023-05-05T17:23:30.345Z",
    "bankAccounts.id": "205146ac-5575-4a64-a2a2-d37bab87ed7d",
    "bankAccounts.number": 1000162799828,
    "bankAccounts.name": "Commercial Bank of Ethiopia (CBE)",
    "bankAccounts.communityId": "9aa0b22c-85de-4121-a7c3-a274c4ecc2fc",
    "creator.id": "13328ef2-8f70-4ac2-b36c-5696a657b047",
    "creator.username": "",
    "creator.password": "$2b$10$kIQwvrn/kk.PX27SpyM5w.IH64Y/9uvIONjcrfRABKc2itN9k3l06",
    "creator.firstName": "Elias",
    "creator.lastName": "Belete",
    "creator.profile": "",
    "creator.banner": "",
    "creator.phoneNumber": "0973047942",
    "creator.email": "",
    "creator.bio": "",
    "creator.isAdmin": true,
    "creator.deletedStatus": false,
    "creator.createdDate": "2023-03-13T18:22:56.581Z",
    "creator.updatedDate": "2023-03-13T18:23:07.019Z",
    "_count.managers": 0,
    "_count.bankAccounts": 1,
    "_count.organizedTrips": 0,
    "_count.followers": 0,
    "_count.sharedTrips": 0
  },
  {
    "id": "9bcc3bef-0b3c-4311-b893-9158ed5f55ce",
    "name": "Ribka Sisay",
    "communityUsername": "Sunset Hiking",
    "image": "https://res.cloudinary.com/dr7dtwmlx/image/upload/v1682747826/image-1682747825695.png",
    "bio": "",
    "contactNumber": "+251926743929",
    "creatorId": "13328ef2-8f70-4ac2-b36c-5696a657b047",
    "deletedStatus": false,
    "subaccountId": "608cfc2b-fbc9-4cda-b8ff-ff03c1d2a85d",
    "createdDate": "2023-04-29T05:56:39.825Z",
    "updatedDate": "2023-04-29T05:57:07.019Z",
    "bankAccounts.id": "0895b5f4-70e8-4f31-9fba-661d29e1c0b4",
    "bankAccounts.number": 1000091166155,
    "bankAccounts.name": "Commercial Bank of Ethiopia (CBE)",
    "bankAccounts.communityId": "9bcc3bef-0b3c-4311-b893-9158ed5f55ce",
    "creator.id": "13328ef2-8f70-4ac2-b36c-5696a657b047",
    "creator.username": "",
    "creator.password": "$2b$10$kIQwvrn/kk.PX27SpyM5w.IH64Y/9uvIONjcrfRABKc2itN9k3l06",
    "creator.firstName": "Elias",
    "creator.lastName": "Belete",
    "creator.profile": "",
    "creator.banner": "",
    "creator.phoneNumber": "0973047942",
    "creator.email": "",
    "creator.bio": "",
    "creator.isAdmin": true,
    "creator.deletedStatus": false,
    "creator.createdDate": "2023-03-13T18:22:56.581Z",
    "creator.updatedDate": "2023-03-13T18:23:07.019Z",
    "_count.managers": 0,
    "_count.bankAccounts": 1,
    "_count.organizedTrips": 4,
    "_count.followers": 0,
    "_count.sharedTrips": 0
  },
  {
    "id": "9c0a8571-6a84-4207-b908-40fa391478be",
    "name": "Eyerus Tsegaye",
    "communityUsername": "Cozy Trip",
    "image": "https://res.cloudinary.com/dr7dtwmlx/image/upload/v1683306986/image-1683306986298.jpg",
    "bio": "",
    "contactNumber": "+251941417510",
    "creatorId": "13328ef2-8f70-4ac2-b36c-5696a657b047",
    "deletedStatus": false,
    "subaccountId": "925f405e-bb91-410c-b01b-b951289349e1",
    "createdDate": "2023-05-05T17:15:31.887Z",
    "updatedDate": "2023-05-05T17:16:27.284Z",
    "bankAccounts.id": "d9d1fa9c-9491-4d57-8d43-acde966f760e",
    "bankAccounts.number": 1000508641331,
    "bankAccounts.name": "Commercial Bank of Ethiopia (CBE)",
    "bankAccounts.communityId": "9c0a8571-6a84-4207-b908-40fa391478be",
    "creator.id": "13328ef2-8f70-4ac2-b36c-5696a657b047",
    "creator.username": "",
    "creator.password": "$2b$10$kIQwvrn/kk.PX27SpyM5w.IH64Y/9uvIONjcrfRABKc2itN9k3l06",
    "creator.firstName": "Elias",
    "creator.lastName": "Belete",
    "creator.profile": "",
    "creator.banner": "",
    "creator.phoneNumber": "0973047942",
    "creator.email": "",
    "creator.bio": "",
    "creator.isAdmin": true,
    "creator.deletedStatus": false,
    "creator.createdDate": "2023-03-13T18:22:56.581Z",
    "creator.updatedDate": "2023-03-13T18:23:07.019Z",
    "_count.managers": 0,
    "_count.bankAccounts": 1,
    "_count.organizedTrips": 0,
    "_count.followers": 0,
    "_count.sharedTrips": 0
  },
  {
    "id": "9e138a8c-1288-4de0-bcd9-1c8493034f55",
    "name": "Mekdes",
    "communityUsername": "Blue Nile Toastmasters",
    "image": "https://res.cloudinary.com/dr7dtwmlx/image/upload/v1683286533/image-1683286532456.jpg",
    "bio": "",
    "contactNumber": "+251920928157",
    "creatorId": "13328ef2-8f70-4ac2-b36c-5696a657b047",
    "deletedStatus": false,
    "subaccountId": "118b549d-7bc3-4b96-9546-519ee99c9017",
    "createdDate": "2023-05-05T11:35:13.929Z",
    "updatedDate": "2023-05-05T11:35:34.418Z",
    "bankAccounts.id": "3a5753af-9a6a-4d5e-a766-9e984911b597",
    "bankAccounts.number": 1000081095567,
    "bankAccounts.name": "Commercial Bank of Ethiopia (CBE)",
    "bankAccounts.communityId": "9e138a8c-1288-4de0-bcd9-1c8493034f55",
    "creator.id": "13328ef2-8f70-4ac2-b36c-5696a657b047",
    "creator.username": "",
    "creator.password": "$2b$10$kIQwvrn/kk.PX27SpyM5w.IH64Y/9uvIONjcrfRABKc2itN9k3l06",
    "creator.firstName": "Elias",
    "creator.lastName": "Belete",
    "creator.profile": "",
    "creator.banner": "",
    "creator.phoneNumber": "0973047942",
    "creator.email": "",
    "creator.bio": "",
    "creator.isAdmin": true,
    "creator.deletedStatus": false,
    "creator.createdDate": "2023-03-13T18:22:56.581Z",
    "creator.updatedDate": "2023-03-13T18:23:07.019Z",
    "_count.managers": 0,
    "_count.bankAccounts": 1,
    "_count.organizedTrips": 1,
    "_count.followers": 0,
    "_count.sharedTrips": 0
  },
  {
    "id": "a36b0e18-d564-470b-abcb-90d2c4179788",
    "name": "Biruk Debebe",
    "communityUsername": "Paradise Hiking",
    "image": "https://res.cloudinary.com/dr7dtwmlx/image/upload/v1682180404/image-1682180403981.jpg",
    "bio": "",
    "contactNumber": "+251966727475",
    "creatorId": "13328ef2-8f70-4ac2-b36c-5696a657b047",
    "deletedStatus": false,
    "subaccountId": "65f8c82e-c552-4c45-b305-ca6488dee660",
    "createdDate": "2023-04-22T16:16:46.392Z",
    "updatedDate": "2023-04-22T16:20:04.934Z",
    "bankAccounts.id": "7ca2a5f4-003a-4f11-a922-fa0283dc9907",
    "bankAccounts.number": 1000500601958,
    "bankAccounts.name": "Commercial Bank of Ethiopia (CBE)",
    "bankAccounts.communityId": "a36b0e18-d564-470b-abcb-90d2c4179788",
    "creator.id": "13328ef2-8f70-4ac2-b36c-5696a657b047",
    "creator.username": "",
    "creator.password": "$2b$10$kIQwvrn/kk.PX27SpyM5w.IH64Y/9uvIONjcrfRABKc2itN9k3l06",
    "creator.firstName": "Elias",
    "creator.lastName": "Belete",
    "creator.profile": "",
    "creator.banner": "",
    "creator.phoneNumber": "0973047942",
    "creator.email": "",
    "creator.bio": "",
    "creator.isAdmin": true,
    "creator.deletedStatus": false,
    "creator.createdDate": "2023-03-13T18:22:56.581Z",
    "creator.updatedDate": "2023-03-13T18:23:07.019Z",
    "_count.managers": 0,
    "_count.bankAccounts": 1,
    "_count.organizedTrips": 6,
    "_count.followers": 0,
    "_count.sharedTrips": 0
  },
  {
    "id": "a5f9a51f-9c40-4202-86b0-a2dd994bfa55",
    "name": "Bamlak Mekonnen",
    "communityUsername": "Chilalo Tour",
    "image": "https://res.cloudinary.com/dr7dtwmlx/image/upload/v1683307348/image-1683307348364.jpg",
    "bio": "",
    "contactNumber": "+251933651777",
    "creatorId": "13328ef2-8f70-4ac2-b36c-5696a657b047",
    "deletedStatus": false,
    "subaccountId": "1b8a0ca1-c140-4db2-9b43-bf81f9bcd582",
    "createdDate": "2023-05-05T17:22:11.309Z",
    "updatedDate": "2023-05-05T17:22:29.154Z",
    "bankAccounts.id": "12964e31-0f57-4011-8abb-3b17cca64f03",
    "bankAccounts.number": 1000180671319,
    "bankAccounts.name": "Commercial Bank of Ethiopia (CBE)",
    "bankAccounts.communityId": "a5f9a51f-9c40-4202-86b0-a2dd994bfa55",
    "creator.id": "13328ef2-8f70-4ac2-b36c-5696a657b047",
    "creator.username": "",
    "creator.password": "$2b$10$kIQwvrn/kk.PX27SpyM5w.IH64Y/9uvIONjcrfRABKc2itN9k3l06",
    "creator.firstName": "Elias",
    "creator.lastName": "Belete",
    "creator.profile": "",
    "creator.banner": "",
    "creator.phoneNumber": "0973047942",
    "creator.email": "",
    "creator.bio": "",
    "creator.isAdmin": true,
    "creator.deletedStatus": false,
    "creator.createdDate": "2023-03-13T18:22:56.581Z",
    "creator.updatedDate": "2023-03-13T18:23:07.019Z",
    "_count.managers": 0,
    "_count.bankAccounts": 1,
    "_count.organizedTrips": 4,
    "_count.followers": 0,
    "_count.sharedTrips": 0
  },
  {
    "id": "bf1f9dd1-72f1-41a4-a682-fc68751cb87b",
    "name": "Temesgen Adugna",
    "communityUsername": "Aye Hiking",
    "image": "https://res.cloudinary.com/dr7dtwmlx/image/upload/v1683307147/image-1683307147371.jpg",
    "bio": "",
    "contactNumber": "+251926665078",
    "creatorId": "13328ef2-8f70-4ac2-b36c-5696a657b047",
    "deletedStatus": false,
    "subaccountId": "5b1a0366-d815-47b9-bb6f-36e74c8a043b",
    "createdDate": "2023-05-05T17:18:27.687Z",
    "updatedDate": "2023-05-05T17:19:08.259Z",
    "bankAccounts.id": "c71f37cd-298b-4a58-9ba2-b8a41e67379c",
    "bankAccounts.number": 1000304203777,
    "bankAccounts.name": "Commercial Bank of Ethiopia (CBE)",
    "bankAccounts.communityId": "bf1f9dd1-72f1-41a4-a682-fc68751cb87b",
    "creator.id": "13328ef2-8f70-4ac2-b36c-5696a657b047",
    "creator.username": "",
    "creator.password": "$2b$10$kIQwvrn/kk.PX27SpyM5w.IH64Y/9uvIONjcrfRABKc2itN9k3l06",
    "creator.firstName": "Elias",
    "creator.lastName": "Belete",
    "creator.profile": "",
    "creator.banner": "",
    "creator.phoneNumber": "0973047942",
    "creator.email": "",
    "creator.bio": "",
    "creator.isAdmin": true,
    "creator.deletedStatus": false,
    "creator.createdDate": "2023-03-13T18:22:56.581Z",
    "creator.updatedDate": "2023-03-13T18:23:07.019Z",
    "_count.managers": 0,
    "_count.bankAccounts": 1,
    "_count.organizedTrips": 0,
    "_count.followers": 0,
    "_count.sharedTrips": 0
  },
  {
    "id": "c6a166ab-3701-48fe-83d7-29df223e0f63",
    "name": "Hewan",
    "communityUsername": "Dink Hiking",
    "image": "https://res.cloudinary.com/dr7dtwmlx/image/upload/v1683023615/image-1683023615236.jpg",
    "bio": "",
    "contactNumber": "+251976619338",
    "creatorId": "13328ef2-8f70-4ac2-b36c-5696a657b047",
    "deletedStatus": false,
    "subaccountId": "c946361b-93f3-4e1b-8199-d6a9385978b5",
    "createdDate": "2023-05-02T10:32:54.314Z",
    "updatedDate": "2023-05-02T10:33:36.285Z",
    "bankAccounts.id": "eddeb3a2-8194-478d-9f0c-9950174720aa",
    "bankAccounts.number": 1000192160937,
    "bankAccounts.name": "Commercial Bank of Ethiopia (CBE)",
    "bankAccounts.communityId": "c6a166ab-3701-48fe-83d7-29df223e0f63",
    "creator.id": "13328ef2-8f70-4ac2-b36c-5696a657b047",
    "creator.username": "",
    "creator.password": "$2b$10$kIQwvrn/kk.PX27SpyM5w.IH64Y/9uvIONjcrfRABKc2itN9k3l06",
    "creator.firstName": "Elias",
    "creator.lastName": "Belete",
    "creator.profile": "",
    "creator.banner": "",
    "creator.phoneNumber": "0973047942",
    "creator.email": "",
    "creator.bio": "",
    "creator.isAdmin": true,
    "creator.deletedStatus": false,
    "creator.createdDate": "2023-03-13T18:22:56.581Z",
    "creator.updatedDate": "2023-03-13T18:23:07.019Z",
    "_count.managers": 0,
    "_count.bankAccounts": 1,
    "_count.organizedTrips": 2,
    "_count.followers": 0,
    "_count.sharedTrips": 0
  },
  {
    "id": "cbd4848e-91eb-4d13-853a-ec54d61231ac",
    "name": "Melat Tadele",
    "communityUsername": "Duka Hiking",
    "image": "https://res.cloudinary.com/dr7dtwmlx/image/upload/v1681414040/image-1681414039499.jpg",
    "bio": "",
    "contactNumber": "+251964252025",
    "creatorId": "13328ef2-8f70-4ac2-b36c-5696a657b047",
    "deletedStatus": false,
    "subaccountId": "a43adf56-c610-4cfc-9c29-2dda880a2d23",
    "createdDate": "2023-04-13T19:26:47.925Z",
    "updatedDate": "2023-04-13T19:27:20.369Z",
    "bankAccounts.id": "e7f8dc07-1ca8-47f4-85f1-92b04f009c92",
    "bankAccounts.number": 1000181019976,
    "bankAccounts.name": "Commercial Bank of Ethiopia (CBE)",
    "bankAccounts.communityId": "cbd4848e-91eb-4d13-853a-ec54d61231ac",
    "creator.id": "13328ef2-8f70-4ac2-b36c-5696a657b047",
    "creator.username": "",
    "creator.password": "$2b$10$kIQwvrn/kk.PX27SpyM5w.IH64Y/9uvIONjcrfRABKc2itN9k3l06",
    "creator.firstName": "Elias",
    "creator.lastName": "Belete",
    "creator.profile": "",
    "creator.banner": "",
    "creator.phoneNumber": "0973047942",
    "creator.email": "",
    "creator.bio": "",
    "creator.isAdmin": true,
    "creator.deletedStatus": false,
    "creator.createdDate": "2023-03-13T18:22:56.581Z",
    "creator.updatedDate": "2023-03-13T18:23:07.019Z",
    "_count.managers": 0,
    "_count.bankAccounts": 1,
    "_count.organizedTrips": 2,
    "_count.followers": 0,
    "_count.sharedTrips": 0
  },
  {
    "id": "cc130524-46d0-460f-b1c2-b143dcd62eb7",
    "name": "Haile",
    "communityUsername": "Ethio Hiking and Camping",
    "image": "https://res.cloudinary.com/dr7dtwmlx/image/upload/v1683307247/image-1683307246688.jpg",
    "bio": "",
    "contactNumber": "+251913857494",
    "creatorId": "13328ef2-8f70-4ac2-b36c-5696a657b047",
    "deletedStatus": false,
    "subaccountId": "d55f50d4-ffba-4f73-8bed-1d1f751db089",
    "createdDate": "2023-05-05T17:20:25.984Z",
    "updatedDate": "2023-05-05T17:20:47.708Z",
    "bankAccounts.id": "b13f7c4e-1eb6-4a2a-9254-574ab3a432b4",
    "bankAccounts.number": 1000067618525,
    "bankAccounts.name": "Commercial Bank of Ethiopia (CBE)",
    "bankAccounts.communityId": "cc130524-46d0-460f-b1c2-b143dcd62eb7",
    "creator.id": "13328ef2-8f70-4ac2-b36c-5696a657b047",
    "creator.username": "",
    "creator.password": "$2b$10$kIQwvrn/kk.PX27SpyM5w.IH64Y/9uvIONjcrfRABKc2itN9k3l06",
    "creator.firstName": "Elias",
    "creator.lastName": "Belete",
    "creator.profile": "",
    "creator.banner": "",
    "creator.phoneNumber": "0973047942",
    "creator.email": "",
    "creator.bio": "",
    "creator.isAdmin": true,
    "creator.deletedStatus": false,
    "creator.createdDate": "2023-03-13T18:22:56.581Z",
    "creator.updatedDate": "2023-03-13T18:23:07.019Z",
    "_count.managers": 0,
    "_count.bankAccounts": 1,
    "_count.organizedTrips": 0,
    "_count.followers": 0,
    "_count.sharedTrips": 0
  },
  {
    "id": "d0aa3baf-8bd7-41dc-a465-5055ba2770c1",
    "name": "Shewit",
    "communityUsername": "Flameber Car Rent",
    "image": "https://res.cloudinary.com/dr7dtwmlx/image/upload/v1684730624/image-1684730624458.jpg",
    "bio": "",
    "contactNumber": "+251912669693",
    "creatorId": "13328ef2-8f70-4ac2-b36c-5696a657b047",
    "deletedStatus": false,
    "subaccountId": "ed161be0-1e74-45ba-9270-962bb4e35d66",
    "createdDate": "2023-05-22T04:43:31.047Z",
    "updatedDate": "2023-05-22T04:43:45.247Z",
    "bankAccounts.id": "b78be44e-67ef-4545-8970-959ac1a1de35",
    "bankAccounts.number": 1000409095608,
    "bankAccounts.name": "Commercial Bank of Ethiopia (CBE)",
    "bankAccounts.communityId": "d0aa3baf-8bd7-41dc-a465-5055ba2770c1",
    "creator.id": "13328ef2-8f70-4ac2-b36c-5696a657b047",
    "creator.username": "",
    "creator.password": "$2b$10$kIQwvrn/kk.PX27SpyM5w.IH64Y/9uvIONjcrfRABKc2itN9k3l06",
    "creator.firstName": "Elias",
    "creator.lastName": "Belete",
    "creator.profile": "",
    "creator.banner": "",
    "creator.phoneNumber": "0973047942",
    "creator.email": "",
    "creator.bio": "",
    "creator.isAdmin": true,
    "creator.deletedStatus": false,
    "creator.createdDate": "2023-03-13T18:22:56.581Z",
    "creator.updatedDate": "2023-03-13T18:23:07.019Z",
    "_count.managers": 0,
    "_count.bankAccounts": 1,
    "_count.organizedTrips": 1,
    "_count.followers": 0,
    "_count.sharedTrips": 0
  },
  {
    "id": "dac6ed47-06da-45d8-bca5-f6242c279b8b",
    "name": "Mera Enqu",
    "communityUsername": "Alem Hiking",
    "image": "https://res.cloudinary.com/dr7dtwmlx/image/upload/v1680031417/image-1680031417048.jpg",
    "bio": "",
    "contactNumber": "+251941432513",
    "creatorId": "13328ef2-8f70-4ac2-b36c-5696a657b047",
    "deletedStatus": false,
    "subaccountId": "1ef0985a-8c27-4b12-8ac5-2a39f62ed9de",
    "createdDate": "2023-03-28T19:23:11.645Z",
    "updatedDate": "2023-03-28T19:23:37.976Z",
    "bankAccounts.id": "ff7e7717-b095-4c22-a051-469e870b6d6d",
    "bankAccounts.number": 1000391240608,
    "bankAccounts.name": "Commercial Bank of Ethiopia (CBE)",
    "bankAccounts.communityId": "dac6ed47-06da-45d8-bca5-f6242c279b8b",
    "creator.id": "13328ef2-8f70-4ac2-b36c-5696a657b047",
    "creator.username": "",
    "creator.password": "$2b$10$kIQwvrn/kk.PX27SpyM5w.IH64Y/9uvIONjcrfRABKc2itN9k3l06",
    "creator.firstName": "Elias",
    "creator.lastName": "Belete",
    "creator.profile": "",
    "creator.banner": "",
    "creator.phoneNumber": "0973047942",
    "creator.email": "",
    "creator.bio": "",
    "creator.isAdmin": true,
    "creator.deletedStatus": false,
    "creator.createdDate": "2023-03-13T18:22:56.581Z",
    "creator.updatedDate": "2023-03-13T18:23:07.019Z",
    "_count.managers": 0,
    "_count.bankAccounts": 1,
    "_count.organizedTrips": 10,
    "_count.followers": 0,
    "_count.sharedTrips": 0
  },
  {
    "id": "f61d0f57-543d-43d7-ae3c-2f1f72993a30",
    "name": "Hayat Muktar",
    "communityUsername": "Hamak_hiking",
    "image": "https://res.cloudinary.com/dr7dtwmlx/image/upload/v1681368426/image-1681368425504.jpg",
    "bio": "",
    "contactNumber": "+251 91 167 0935",
    "creatorId": "13328ef2-8f70-4ac2-b36c-5696a657b047",
    "deletedStatus": false,
    "subaccountId": "5c396bf6-63b1-4d5e-a256-128686a3c10c",
    "createdDate": "2023-04-13T06:46:07.669Z",
    "updatedDate": "2023-04-13T06:47:06.279Z",
    "bankAccounts.id": "4758851f-d7b2-4a6a-8bb7-aa124142e45d",
    "bankAccounts.number": 1000256404153,
    "bankAccounts.name": "Commercial Bank of Ethiopia (CBE)",
    "bankAccounts.communityId": "f61d0f57-543d-43d7-ae3c-2f1f72993a30",
    "creator.id": "13328ef2-8f70-4ac2-b36c-5696a657b047",
    "creator.username": "",
    "creator.password": "$2b$10$kIQwvrn/kk.PX27SpyM5w.IH64Y/9uvIONjcrfRABKc2itN9k3l06",
    "creator.firstName": "Elias",
    "creator.lastName": "Belete",
    "creator.profile": "",
    "creator.banner": "",
    "creator.phoneNumber": "0973047942",
    "creator.email": "",
    "creator.bio": "",
    "creator.isAdmin": true,
    "creator.deletedStatus": false,
    "creator.createdDate": "2023-03-13T18:22:56.581Z",
    "creator.updatedDate": "2023-03-13T18:23:07.019Z",
    "_count.managers": 0,
    "_count.bankAccounts": 1,
    "_count.organizedTrips": 3,
    "_count.followers": 0,
    "_count.sharedTrips": 0
  },
  {
    "id": "f958049e-0b2f-43ff-8c26-e3249eb23845",
    "name": "Meron",
    "communityUsername": "Seleme Hiking",
    "image": "https://res.cloudinary.com/dr7dtwmlx/image/upload/v1682105582/image-1682105581985.jpg",
    "bio": "",
    "contactNumber": "+251974095116",
    "creatorId": "13328ef2-8f70-4ac2-b36c-5696a657b047",
    "deletedStatus": false,
    "subaccountId": "4e5628f2-26b4-49c3-afc1-ba8ff5ad0d6b",
    "createdDate": "2023-04-21T19:32:20.610Z",
    "updatedDate": "2023-04-21T19:33:02.884Z",
    "bankAccounts.id": "4caa7583-6bb0-4146-ad9c-8a6e4ecd9341",
    "bankAccounts.number": 1000341165079,
    "bankAccounts.name": "Commercial Bank of Ethiopia (CBE)",
    "bankAccounts.communityId": "f958049e-0b2f-43ff-8c26-e3249eb23845",
    "creator.id": "13328ef2-8f70-4ac2-b36c-5696a657b047",
    "creator.username": "",
    "creator.password": "$2b$10$kIQwvrn/kk.PX27SpyM5w.IH64Y/9uvIONjcrfRABKc2itN9k3l06",
    "creator.firstName": "Elias",
    "creator.lastName": "Belete",
    "creator.profile": "",
    "creator.banner": "",
    "creator.phoneNumber": "0973047942",
    "creator.email": "",
    "creator.bio": "",
    "creator.isAdmin": true,
    "creator.deletedStatus": false,
    "creator.createdDate": "2023-03-13T18:22:56.581Z",
    "creator.updatedDate": "2023-03-13T18:23:07.019Z",
    "_count.managers": 0,
    "_count.bankAccounts": 1,
    "_count.organizedTrips": 8,
    "_count.followers": 0,
    "_count.sharedTrips": 0
  }
]